n,m,vertex_cover_size,time_(in seconds)
20,20,9,0.8026955000095768
20,30,10,1.3308077999972738
20,40,11,2.0297285999986343
20,50,11,2.0543109999998705
20,60,13,3.2208650999964448
20,70,14,3.915732699999353
20,80,14,4.009054900001502
20,90,14,4.184416500007501
20,100,14,4.275553899991792
20,110,15,4.637250600004336
20,120,15,4.930682199992589
20,130,16,5.150795900000958
20,140,16,5.3674915000010515
20,150,17,5.495526400001836
20,160,17,5.734366599994246
20,170,18,6.134553299998515
20,180,18,6.125563900000998
20,190,19,6.337446999998065
