n,m,greedy_vertex_cover_size,time_(in seconds),opt_vertex_cover_size,opt_vertex_cover_time (in seconds),approximation_factor
20,20,16,0.00011439999798312783,9,0.8026955000095768,1.7777777777777777
20,30,14,0.0001497999910498038,10,1.3308077999972738,1.4
20,40,14,0.00016899999172892421,11,2.0297285999986343,1.2727272727272727
20,50,16,0.00012660000356845558,11,2.0543109999998705,1.4545454545454546
20,60,18,0.00022760000138077885,13,3.2208650999964448,1.3846153846153846
20,70,20,0.0001508999994257465,14,3.915732699999353,1.4285714285714286
20,80,18,0.00015100000018719584,14,4.009054900001502,1.2857142857142858
20,90,18,0.0001610000035725534,14,4.184416500007501,1.2857142857142858
20,100,18,0.00017830000433605164,14,4.275553899991792,1.2857142857142858
20,110,18,0.00019530000281520188,15,4.637250600004336,1.2
20,120,18,0.000225499999942258,15,4.930682199992589,1.2
20,130,20,0.0003647999983513728,16,5.150795900000958,1.25
20,140,20,0.0002300000051036477,16,5.3674915000010515,1.25
20,150,18,0.0002234999992651865,17,5.495526400001836,1.0588235294117647
20,160,20,0.00024310000299010426,17,5.734366599994246,1.1764705882352942
20,170,20,0.0004786999925272539,18,6.134553299998515,1.1111111111111112
20,180,20,0.00026699999580159783,18,6.125563900000998,1.1111111111111112
20,190,20,0.0002753000007942319,19,6.337446999998065,1.0526315789473684
