n,m,greedy_vertex_cover_size,time_(in seconds),opt_vertex_cover_size,opt_vertex_cover_time (in seconds),approximation_factor,lp_vertex_cover_size,lp_vertex_cover_size_time_(in seconds),approximation_lp/greedy
20,20,16,0.0001143999979831,9,0.8026955000095768,1.7777777777777777,16,0.059986600070260465,1.0
20,30,14,0.0001497999910498,10,1.3308077999972738,1.4,20,0.044502299977466464,1.4285714285714286
20,40,14,0.0001689999917289,11,2.0297285999986343,1.2727272727272727,20,0.0887057000072673,1.4285714285714286
20,50,16,0.0001266000035684,11,2.0543109999998705,1.4545454545454546,20,0.09031600004527718,1.25
20,60,18,0.0002276000013807,13,3.2208650999964448,1.3846153846153846,20,0.10915270005352795,1.1111111111111112
20,70,20,0.0001508999994257,14,3.915732699999353,1.4285714285714286,20,0.09617560007609427,1.0
20,80,18,0.0001510000001871,14,4.009054900001502,1.2857142857142858,20,0.07950750004965812,1.1111111111111112
20,90,18,0.0001610000035725,14,4.184416500007501,1.2857142857142858,20,0.09624220000114292,1.1111111111111112
20,100,18,0.000178300004336,14,4.275553899991792,1.2857142857142858,20,0.09345110005233437,1.1111111111111112
20,110,18,0.0001953000028152,15,4.637250600004336,1.2,20,0.10901540005579591,1.1111111111111112
20,120,18,0.0002254999999422,15,4.930682199992589,1.2,20,0.09578009997494519,1.1111111111111112
20,130,20,0.0003647999983513,16,5.150795900000958,1.25,20,0.11378030001651496,1.0
20,140,20,0.0002300000051036,16,5.367491500001052,1.25,20,0.11877389997243881,1.0
20,150,18,0.0002234999992651,17,5.495526400001836,1.0588235294117647,20,0.13808900001458824,1.1111111111111112
20,160,20,0.0002431000029901,17,5.734366599994246,1.1764705882352942,20,0.11077090003527701,1.0
20,170,20,0.0004786999925272,18,6.134553299998515,1.1111111111111112,20,0.18675150000490248,1.0
20,180,20,0.0002669999958015,18,6.125563900000998,1.1111111111111112,20,0.1311612999998033,1.0
20,190,20,0.0002753000007942,19,6.337446999998065,1.0526315789473684,20,0.1306681000860408,1.0
